<modification>
	<name>[OpenCart 3.x] Admin product PRO</name>
	<code>opencart-3.x-admin-product-pro</code>
	<version>0.0.3</version>
	<author>sergey.pechenyuk@gmail.com</author>
	<link>sergey.pechenyuk@gmail.com</link>
	
	<file path="admin/controller/common/column_left.php">
		<operation>
			<search><![CDATA[// Catalog]]></search>
			<add position="before"><![CDATA[
			// Catalog PRO
            if ($this->user->hasPermission('access', 'extension/module/catalog_pro_product') || $this->user->hasPermission('access', 'extension/module/catalog_pro_configuration')) {
                $this->load->language('extension/module/catalog_pro_default');

                if ($this->user->hasPermission('access', 'extension/module/catalog_pro_configuration'))
                    $catalogPro[] = array(
                        'name'	   => $this->language->get('submenu_config'),
                        'href'     => $this->url->link('extension/module/catalog_pro_configuration', 'user_token=' . $this->session->data['user_token'], true),
                        'children' => array()
                    );

                if ($this->user->hasPermission('access', 'extension/module/catalog_pro_product'))
                    $catalogPro[] = array(
                        'name'	   => $this->language->get('submenu_product'),
                        'href'     => $this->url->link('extension/module/catalog_pro_product', 'user_token=' . $this->session->data['user_token'], true),
                        'children' => array()
                    );

            }

            if (isset($catalogPro)) {
                $data['menus'][] = array(
                    'id'       => 'menu-catalog-pro',
                    'icon'	   => 'fa-tags',
                    'name'	   => $this->language->get('menu_parent'),
                    'href'     => '',
                    'children' => $catalogPro
                );
            }
			]]></add>
		</operation>
	</file>
	
	<file path="admin/view/template/common/header.twig">
		<operation>
			<search><![CDATA[<link type="text/css" href="view/stylesheet/stylesheet.css" rel="stylesheet" media="screen" />]]></search>
			<add position="after"><![CDATA[
<link type="text/css" href="view/stylesheet/catalog_pro.css" rel="stylesheet" media="screen" />
			]]></add>
		</operation>
	</file>


</modification>
